﻿<?xml version="1.0" encoding="utf-8" ?>
<raiz>
  <previred>
    <nombre>"AsignacionFamiliar"</nombre>
    <largo>6</largo>
    <inicio>154</inicio>
  </previred>
  <previred>
    <nombre>"AsignacionFamiliarRetroativa"</nombre>
    <largo>6</largo>
    <inicio>160</inicio>
  </previred>
  <previred>
    <nombre>"ReintegroCargasFamiliares"</nombre>
    <largo>6</largo>
    <inicio>166</inicio>
  </previred>
  <previred>
    <nombre>"RentaImpibleAFP"</nombre>
    <largo>8</largo>
    <inicio>175</inicio>
  </previred>
  <previred>
    <nombre>"CotizacionObligatoriaAFP"</nombre>
    <largo>8</largo>
    <inicio>183</inicio>
  </previred>
  <previred>
    <nombre>"CotizacionSIS"</nombre>
    <largo>8</largo>
    <inicio>191</inicio>
  </previred>
  <previred>
    <nombre>"CuentaAhorroVoluntarioAFP"</nombre>
    <largo>8</largo>
    <inicio>199</inicio>
  </previred>
  <previred>
    <nombre>"RentaImponibleSustitutivaAFP"</nombre>
    <largo>8</largo>
    <inicio>207</inicio>
  </previred>
  <previred>
    <nombre>"AporteIndenmizacionAFP"</nombre>
    <largo>9</largo>
    <inicio>220</inicio>
  </previred>
  <previred>
    <nombre>"CotizacionTrabajoPesado"</nombre>
    <largo>6</largo>
    <inicio>296</inicio>
  </previred>
  <previred>
    <nombre>"CotizacionAPVI"</nombre>
    <largo>8</largo>
    <inicio>326</inicio>
  </previred>
  <previred>
    <nombre>"CotizacionDepositosConvenidos"</nombre>
    <largo>8</largo>
    <inicio>334</inicio>
  </previred>
  <previred>
    <nombre>"CotizaciónTrabajadorAPVC"</nombre>
    <largo>8</largo>
    <inicio>366</inicio>
  </previred>
  <previred>
    <nombre>"CotizaciónEmpleadorAPVC"</nombre>
    <largo>8</largo>
    <inicio>374</inicio>
  </previred>
  <previred>
    <nombre>"MontoCapitalizaciónVoluntaria"</nombre>
    <largo>8</largo>
    <inicio>508</inicio>
  </previred>
  <previred>
    <nombre>"MontoAhorroVoluntario"</nombre>
    <largo>8</largo>
    <inicio>516</inicio>
  </previred>
  <previred>
    <nombre>"CotizaciónObligatoriaIPS"</nombre>
    <largo>8</largo>
    <inicio>543</inicio>
  </previred>
  <previred>
    <nombre>"RentaImponibleDesahucio"</nombre>
    <largo>8</largo>
    <inicio>551</inicio>
  </previred>
  <previred>
    <nombre>"CotizacionDesahucio"</nombre>
    <largo>8</largo>
    <inicio>568</inicio>
  </previred>
  <previred>
    <nombre>"CotizacionFonasa"</nombre>
    <largo>8</largo>
    <inicio>576</inicio>
  </previred>
  <previred>
    <nombre>"CotizaciónAccTrabajo"</nombre>
    <largo>8</largo>
    <inicio>584</inicio>
  </previred>
  <previred>
    <nombre>"BonificacionLey15386"</nombre>
    <largo>8</largo>
    <inicio>592</inicio>
  </previred>
  <previred>
    <nombre>"DescuentoCargasFamiliaresISL"</nombre>
    <largo>8</largo>
    <inicio>600</inicio>
  </previred>
  <previred>
    <nombre>"BonosGobierno"</nombre>
    <largo>8</largo>
    <inicio>608</inicio>
  </previred>
  <previred>
    <nombre>"RentaImponibleIsapre"</nombre>
    <largo>8</largo>
    <inicio>634</inicio>
  </previred>
  <previred>
    <nombre>"CotizacionPactada"</nombre>
    <largo>8</largo>
    <inicio>643</inicio>
  </previred>
  <previred>
    <nombre>"CotizacionObligatoriaIsapre"</nombre>
    <largo>8</largo>
    <inicio>651</inicio>
  </previred>
  <previred>
    <nombre>"CotizacionAdicionalVoluntaria"</nombre>
    <largo>8</largo>
    <inicio>659</inicio>
  </previred>
  <previred>
    <nombre>"MontoGarantiaExplicitaSalud"</nombre>
    <largo>8</largo>
    <inicio>667</inicio>
  </previred>
  <previred>
    <nombre>"RentaImponibleCCAF"</nombre>
    <largo>8</largo>
    <inicio>677</inicio>
  </previred>
  <previred>
    <nombre>"CreditosPersonalesCCAF"</nombre>
    <largo>8</largo>
    <inicio>685</inicio>
  </previred>
  <previred>
    <nombre>"CreditosPersonalesCCAF"</nombre>
    <largo>8</largo>
    <inicio>693</inicio>
  </previred>
  <previred>
    <nombre>"DescuentosLeasing"</nombre>
    <largo>8</largo>
    <inicio>701</inicio>
  </previred>
  <previred>
    <nombre>"DescuentosSeguroCCAF"</nombre>
    <largo>8</largo>
    <inicio>709</inicio>
  </previred>
  <previred>
    <nombre>"OtrosdescuentosCCAF"</nombre>
    <largo>8</largo>
    <inicio>717</inicio>
  </previred>
  <previred>
    <nombre>"CotizacionCCAFNoaFiliado"</nombre>
    <largo>8</largo>
    <inicio>725</inicio>
  </previred>
  <previred>
    <nombre>"DescuentoCargasFamiliaresCCAF"</nombre>
    <largo>8</largo>
    <inicio>733</inicio>
  </previred>
  <previred>
    <nombre>"OtrosdescuentosCCAF 1"</nombre>
    <largo>8</largo>
    <inicio>741</inicio>
  </previred>
  <previred>
    <nombre>"OtrosdescuentosCCAF 2"</nombre>
    <largo>8</largo>
    <inicio>749</inicio>
  </previred>
  <previred>
    <nombre>"BonosGobiernoCCAF"</nombre>
    <largo>8</largo>
    <inicio>757</inicio>
  </previred>
  <previred>
    <nombre>"RentaImponibleSeguroCesantia"</nombre>
    <largo>8</largo>
    <inicio>806</inicio>
  </previred>
  <previred>
    <nombre>"AporteTrabajadorSeguroCesantia"</nombre>
    <largo>8</largo>
    <inicio>814</inicio>
  </previred>
  <previred>
    <nombre>"AporteEmpleadorSeguroCesantia"</nombre>
    <largo>8</largo>
    <inicio>822</inicio>
  </previred>
</raiz>